,,
Конструкції з інфінітивом (Perífrasis verbales)
acabar de + infinitivo,"[акабАр де]","щойно закінчити щось робити"
acabar por + infinitivo,"[акабАр пор]","закінчити чимось"
acostumbrar + infinitivo,"[акостумбрАр]","мати звичку щось робити"
acostumbrarse a + infinitivo,"[акостумбрАрсе а]","звикати щось робити"
aprender a + infinitivo,"[апрендер а]","навчитися щось робити"
cansarse de + infinitivo,"[кансАрсе де]","втомитися щось робити"
deber + infinitivo,"[дебéр]","бути змушеним щось робити"
decidirse a + infinitivo,"[десідірсе а]","наважитися на щось"
dejar de + infinitivo,"[дехАр де]","закінчити щось робити"
empezar a + infinitivo,"[емпесАр а]","починати щось робити"
empezar por + infinitivo,"[емпесАр пор]","розпочати з чогось"
enseñar a + infinitivo,"[енсеньЯр а]","навчати чомусь"
entrar a + infinitivo,"[ентрАр а]","заходити для того / щоб щось зробити"
hay que + infinitivo,"[áй ке]","необхідно щось робити / безособово"
insistir en + infinitivo,"[інсистІр ен]","наполягати на чомусь"
ir a + infinitivo,"[ір а]","збиратися щось робити"
olvidarse de + infinitivo,"[ольвідАрсе де]","забувати зробити щось"
pensar en + infinitivo,"[пенсАр ен]","роздумувати над чимось"
poder + infinitivo,"[подéр]","могти щось робити"
querer + infinitivo,"[керéр]","хотіти щось зробити"
saber + infinitivo,"[сабéр]","уміти щось робити"
tardar en + infinitivo,"[тардАр ен]","запізнюватися"
tener que + infinitivo,"[тенéр ке]","бути змушеним щось робити"
terminar de + infinitivo,"[термінАр де]","закінчити щось робити"
tratar de + infinitivo,"[тратАр де]","намагатися щось робити"
volver a + infinitivo,"[больвéр а]","робити щось знову"
