,,,,,,,
Індивідуальні дієслова (Повністю неправильні),,,,,,,
dar,давати,doy,das,da,damos,dais,dan
estar,бути (тимчасово),estoy,estás,está,estamos,estáis,están
haber,мати (допоміжне),he,has,ha,hemos,habéis,han
ir,"йти, їхати",voy,vas,va,vamos,vais,van
ser,бути (постійно),soy,eres,es,somos,sois,son
,,,,,,,
"Гібриди (Форма ""yo"" на -go + зміна голосної або приголосної в інших формах)",,,,,,,
tener,мати,tengo,tienes,tiene,tenemos,tenéis,tienen
venir,приходити,vengo,vienes,viene,venimos,venís,vienen
decir,говорити,digo,dices,dice,decimos,decís,dicen
oír,чути,oigo,oyes,oye,oímos,oís,oyen
,,,,,,,
"Зміна голосної в корені (E->IE, O->UE, E->I, U->UE)",,,,,,,
vestir,одягати,visto,vistes,viste,vestimos,vestís,visten
cerrar,зачиняти,cierro,cierras,cierra,cerramos,cerráis,cierran
dormir,спати,duermo,duermes,duerme,dormimos,dormís,duermen
empezar,починати,empiezo,empiezas,empieza,empezamos,empezáis,empiezan
encontrar,знаходити,encuentro,encuentras,encuentra,encontramos,encontráis,encuentran
jugar,грати,juego,juegas,juega,jugamos,jugáis,juegan
pedir,"просити, замовляти",pido,pides,pide,pedimos,pedís,piden
pensar,думати,pienso,piensas,piensa,pensamos,pensáis,piensan
poder,могти,puedo,puedes,puede,podemos,podéis,pueden
querer,"хотіти, любити",quiero,quieres,quiere,queremos,queréis,quieren
repetir,повторювати,repito,repites,repite,repetimos,repetís,repiten
sentir,відчувати,siento,sientes,siente,sentimos,sentís,sienten
servir,служити,sirvo,sirves,sirve,servimos,servís,sirven
volver,повертатися,vuelvo,vuelves,vuelve,volvemos,volvéis,vuelven
volar,літати,vuelo,vuelas,vuela,volamos,voláis,vuelan
hervir,кипіти,hiervo,hierves,hierve,hervimos,hervís,hierven
seguir,продовжувати,sigo,sigues,sigue,seguimos,seguís,siguen
comenzar,починати,comienzo,comienzas,comienza,comenzamos,comenzáis,comienzan
perder,"губити, втрачати",pierdo,pierdes,pierde,perdemos,perdéis,pierden
entender,розуміти,entiendo,entiendes,entiende,entendemos,entendéis,entienden
recordar,пам'ятати,recuerdo,recuerdas,recuerda,recordamos,recordáis,recuerdan
morir,вмирати,muero,mueres,muere,morimos,morís,mueren
mostrar,показувати,muestro,muestras,muestra,mostramos,mostráis,muestran
conseguir,"досягати, отримувати",consigo,consigues,consigue,conseguimos,conseguís,consiguen
sugerir,"пропонувати, радити",sugiero,sugieres,sugiere,sugerimos,sugerís,sugieren
costar,коштувати,cuesto,cuestas,cuesta,costamos,costáis,cuestan
doler,боліти,duelo,dueles,duele,dolemos,doléis,duelen
atender,обслуговувати,atiendo,atiendes,atiende,atendemos,atendéis,atienden
resolver,вирішувати (проблему),resuelvo,resuelves,resuelve,resolvemos,resolvéis,resuelven
corregir,виправляти,corrijo,corriges,corrige,corregimos,corregís,corrigen
elegir,обирати,elijo,eliges,elige,elegimos,elegís,eligen
mentir,брехати,miento,mientes,miente,mentimos,mentís,mienten
sonreír,посміхатися,sonrío,sonries,sonríe,sonreímos,sonreís,sonríen
medir,вимірювати,mido,mides,mide,medimos,medís,miden
despedir,звільняти,despido,despides,despide,despedimos,despedís,despiden
distribuir,розподіляти,distribuyo,distribuyes,distribuye,distribuimos,distribuís,distribuyen
oler,пахнути,huelo,hueles,huele,olemos,oléis,huelen
reír,сміятися,río,ríes,ríe,reímos,reís,ríen
cocer,варити,cuezo,cueces,cuece,cocemos,cocéis,cuecen
acostarse,лягати спати,me acuesto,te acuestas,se acuesta,nos acostamos,os acostáis,se acuestan
soñar,мріяти / снитися,sueño,sueñas,sueña,soñamos,soñáis,sueñan
probar,пробувати / приміряти,pruebo,pruebas,prueba,probamos,probáis,prueban
sentar,садити / личити,siento,sientas,sienta,sentamos,sentáis,sientan
despertar,будити,despierto,despiertas,despierta,despertamos,despertáis,despiertan
,,,,,,,
"Особлива форма ""yo"" на -go",,,,,,,
caber,вміщатися,quepo,cabes,cabe,cabemos,cabéis,caben
caer,падати,caigo,caes,cae,caemos,caéis,caen
hacer,робити,hago,haces,hace,hacemos,hacéis,hacen
poner,"класти, ставити",pongo,pones,pone,ponemos,ponéis,ponen
salir,виходити,salgo,sales,sale,salimos,salís,salen
traer,приносити,traigo,traes,trae,traemos,traéis,traen
valer,коштувати,valgo,vales,vale,valemos,valéis,valen
,,,,,,,
"Особлива форма ""yo"" (Інші закінчення та орфографія)",,,,,,,
coger,"брати, ловити",cojo,coges,coge,cogemos,cogéis,cogen
dirigir,керувати,dirijo,diriges,dirige,dirigimos,dirigís,dirigen
proteger,захищати,protejo,proteges,protege,protegemos,protegéis,protegen
saber,знати (факти),sé,sabes,sabe,sabemos,sabéis,saben
ver,бачити,veo,ves,ve,vemos,veis,ven
nacer,народжуватися,nazco,naces,nace,nacemos,nacéis,nacen
,,,,,,,
Дієслова зі специфічними суфіксами (-zco та -yo у формах),,,,,,,
conducir,вести машину,conduzco,conduces,conduce,conducimos,conducís,conducen
conocer,знати (бути знайомим),conozco,conoces,conoce,conocemos,conocéis,conocen
ofrecer,пропонувати,ofrezco,ofreces,ofrece,ofrecemos,ofrecéis,ofrecen
parecer,здаватися,parezco,pareces,parece,parecemos,parecéis,parecen
traducir,перекладати,traduzco,traduces,traduce,traducimos,traducís,traducen
construir,будувати,construyo,construyes,construye,construimos,construís,construyen
destruir,руйнувати,destruyo,destruyes,destruye,destruimos,destruís,destruyen
huir,тікати,huyo,huyes,huye,huimos,huís,huyen
incluir,включати в себе,incluyo,incluyes,incluye,incluimos,incluís,incluyen
producir,виробляти,produzco,produces,produce,producimos,producís,producen
