,,
Дієслова з прийменниками,,
abogar por,[абоґАр пор],"захищати когось, заступатися за когось"
abstenerse de,[абстенерсе де],утримуватися від
abundar de,[абундар де],бути у великій кількості
abundar en,[абундар ен],бути у великій кількості
aburrirse con,[абуррірсе кон],нудьгувати
aburrirse de,[абуррірсе де],нудьгувати
aburrirse por,[абуррірсе пор],нудьгувати
abusar de,[абусар де],зловживати
acaecer a,[акаесер а],траплятися з
acercarse a,[асеркарсе а],наближатися до
acompañar a,[акомпаньяр а],супроводжувати кудись
acompañar con,[акомпаньяр кон],супроводжувати чимось
acompañar de,[акомпаньяр де],супроводжувати чимось
aconsejarse con,[аконсехарсе кон],радитися з кимось
aconsejarse de,[аконсехарсе де],радитися з кимось
acordarse con,[акордарсе кон],домовлятися з кимось
acostumbrarse a,[акостумбрарсе а],звикати до чогось
admirarse de,[адмірарсе де],захоплюватися чимось / кимось
adolecer de,[адолесер де],страждати (від хвороби)
agraviarse de,[агравярсе де],ображатися на когось
agraviarse por,[агравярсе пор],ображатися за щось
alegrarse con,[алеграрсе кон],радіти чомусь
alegrarse de,[алеграрсе де],радіти чомусь
alegrarse por,[алеграрсе пор],радіти чомусь
alimentarse con,[аліментарсе кон],харчуватися чимось
alimentarse de,[аліментарсе де],харчуватися чимось
añadir a,[аньядір а],додавати до
apreciar por,[апресьяр пор],цінувати за
aprender a (+ infinitivo),[апрендер а],навчитися щось робити
aprovechar en,[апровечар ен],досягнути успіху в чомусь
arreglarse con,[ареглярсе кон],дійти згоди з
asegurar contra,[асегурар контра],захищати від
asentir a,[асентір а],погоджуватися з чимось
asistir a,[асістір а],"лікувати когось, доглядати за кимось, відвідувати"
asombrarse con,[асомбрарсе кон],дивуватися чомусь
asombrarse de,[асомбрарсе де],дивуватися чомусь
aspirar a,[аспірар а],"бажати щось, рватися до чогось"
atender a,[атендер а],уважно слухати щось
atentar a,[атентар а],посягати на щось
avergonzarse de,[авергонсарсе де],"соромитися за когось, за щось"
avergonzarse por,[авергонсарсе пор],"соромитися за когось, за щось"
ayudar a (+ infinitivo),[аюдар а],допомагати щось зробити
ayudar en,[аюдар ен],допомагати в чомусь
beber de,[бебер де],пити з чогось
beber en,[бебер ен],пити з чогось
cansarse con,[кансарсе кон],втомитися від чогось
cansarse de,[кансарсе де],втомитися від чогось
carecer de,[каресер де],"відчувати нестачу, недостатньо чогось"
casarse con,[касарсе кон],одружуватися з кимось
combatir con,[комбатір кон],боротися з кимось
combatir contra,[комбатір контра],боротися проти когось
comenzar a (+ infinitivo),[коменсар а],починати щось робити
comenzar por (+ infinitivo),[коменсар пор],починати щось робити з чогось
comparar a,[компарар а],порівнювати з чимось
comparar con,[компарар кон],порівнювати з чимось
compartir con,[компартір кон],ділити з кимось
competir con,[компентір кон],конкурувати з кимось
comunicar con,[комунікар кон],спілкуватися з кимось
concluir con,[конклуїр кон],"завершити щось, чимось"
condolerse de,[кондолерсе де],співчувати комусь
confiar en,[конфіар ен],довіряти комусь
confiar de,[конфіар де],довіряти комусь
conocer a,[коносер а],знати когось
conocer de,[коносер де],зрозуміти з чогось
conocer en,[коносер ен],зрозуміти з чогось
consistir en,[консістір ен],складатися з чогось
contestar a,[контестар а],відповідати на щось
convencerse de,[конвенсерсе де],переконатися в чомусь
conversar con,[конверсар кон],спілкуватися з кимось
conversar en,[конверсар ен],спілкуватися про щось
conversar sobre,[конверсар собре],спілкуватися про щось
convertir en,[конвертір ен],перетворювати на щось
corresponder a,[кореспондера а],відповідати чомусь
creer de,[креер де],думати про щось
creer en,[креер ен],вірити в щось
cuidar de,[куідар де],доглядати за кимось
dar a,[дар а],"дати комусь, дарувати"
deber a,[дебер а],бути зобов'язаним комусь
decidirse a,[десідірсе а],зважитися на щось
decir a,[десір а],сказати комусь
decir de,[десір де],сказати про щось
dedicar a,[дедікар а],"присвячувати комусь, чомусь"
defender con,[дефендер кон],захищати за допомогою чогось
defender contra,[дефендер контра],захищати від чогось
defender de,[дефендер де],захищати від чогось
dejar de (+ infinitivo),[дехар де],перестати щось робити
dejar para,[дехар пара],залишити для когось
depender de,[депендер де],"залежати від чогось, когось"
desayunarse con,[десаюнарсе кон],снідати чимось
descansar de,[дескансар де],відпочивати від чогось
desconfiar de,[десконфіар де],недовіряти комусь
desistir de,[десістір де],відмовлятися від чогось
despedirse de,[деспедірсе де],"прощатися з кимось, чимось"
diferenciarse de,[діференсьярсе де],"відрізнятися від чогось, когось"
diferenciarse en,[діференсьярсе ен],"відрізнятися чимось, у чомусь"
dirigirse a,[діріхірсе а],звертатися до когось
dirigirse hacia,[діріхірсе асья],звертатися до когось
disculparse con,[діскульпарсе кон],вибачитися перед кимось
disculparse de,[діскульпарсе де],вибачитися за щось
disfrutar de,[дисфрутар де],насолоджуватися чимось
disponer de,[диспонер де],мати щось у своєму розпорядженні
disponerse a,[диспонерсе а],готуватися до чогось
disponerse para,[диспонерсе пара],готуватися до чогось
disputar con,[диспутар кон],сперечатися з кимось
disputar de,[диспутар де],сперечатися за щось
disputar sobre,[диспутар собре],сперечатися за щось
disputar por,[диспутар пор],сперечатися через щось
distinguirse de,[дістінґірсе де],відрізнятися від
distinguirse en,[дістінґірсе ен],відрізнятися чимось
distinguirse entre,[дістінґірсе ентре],"відрізнятися серед когось, чогось"
distribuir entre,[діструїр ентре],розподіляти між
dividir entre,[дівідір ентре],розділяти між
dividir en,[дівідір ен],ділити на щось
dudar de,[дудар де],сумніватися в чомусь
dudar en (+ infinitivo),[дудар ен],не відважуватися щось зробити
empezar a (+ infinitivo),[емпєсар а],починати щось робити
empezar por,[емпєсар пор],"починати чимось, з чогось"
enamorarse de,[енаморарсе де],закохатися в когось
encargarse de,[енкаргарсе де],братися за щось
enseñar a (+ infinitivo),[енсеньяр а],навчати робити щось
entrar en,[ентрар ен],заходити кудись
entrometerse en,[ентрометерсе ен],втручатися в
entretenerse con,[ентретенерсе кон],розважатися чимось
entretenerse en,[ентретенерсе ен],розважатися чимось
envanecerse con,[енванесерсе кон],пишатися чимось
envanecerse de,[енванесерсе де],пишатися чимось
equivocarse en,[еківокарсе ен],помилятися в чомусь
escribir de,[ескрібір де],"писати про щось, про когось"
escribir sobre,[ескрібір собре],"писати про щось, про когось"
escribir desde,[ескрібір дезде],писати звідкись
escribir en,[ескрібір ен],писати якоюсь мовою
extrañarse de,[екстраньярсе де],дивуватися комусь
graduarse de,[ґрадуарсе де],здобути науковий ступінь у чомусь
gustar de,[ґустар де],любити щось
haber de (+ infinitivo),[абер де],бути змушеним зробити щось
hablar con,[аблар кон],говорити з кимось
hablar de,[аблар де],говорити про щось
hablar en,[аблар ен],говорити про щось
hablar sobre,[аблар собре],говорити про щось
importar a,[імпортар а],бути важливим для когось
importar de,[імпортар де],вивозити звідкись
importar en,[імпортар ен],ввозити кудись
informar de,[інформар де],повідомляти щось
informar en,[інформар ен],повідомляти щось
informar sobre,[інформар собре],повідомляти щось
insistir en,[інсістір ен],наполягати на чомусь
insistir sobre,[інсістір собре],наполягати на чомусь
instruir de,[інструїр де],навчати чомусь
instruir en,[інструїр ен],навчати чомусь
instruir sobre,[інструїр собре],навчати чомусь
interpretar a,[інтерпретар а],перекладати якоюсь мовою
interpretar de,[інтерпретар де],перекладати з якоїсь мови
ir a,[ір а],"йти, їхати кудись"
ir hacia,[ір асья],"йти, їхати кудись"
ir a (+ infinitivo),[ір а],збиратися щось зробити
ir con,[ір кон],"йти, їхати з кимось"
ir contra,[ір контра],"виступати проти когось, чогось"
ir de,[ір де],їхати звідкись
ir en,[ір ен],їхати в чомусь (про транспорт)
ir por,[ір пор],їхати за чимось
jugar a,[хуґар а],грати в щось
jurar a (+ infinitivo),[хурар а],присягатися щось зробити
jurar por,[хурар пор],присягатися чимось
lamentarse de,[ламентарсе де],скаржитися на щось
lamentarse por,[ламентарсе пор],скаржитися на щось
luchar con,[лучар кон],боротися проти чогось
luchar contra,[лучар контра],боротися проти чогось
luchar por,[лучар пор],боротися за щось
llegar a (+ infinitivo),[єґар а],досягти чогось
llegar a,[єґар а],приїхати кудись
llegar de,[єґар де],приїхати звідкись
maldecir a,[мальдесір а],проклинати когось
mandar a,[мандар а],відправляти щось комусь
mandar por,[мандар пор],відправляти за чимось
mirar por,[мірар пор],наглядати за кимось
morir de,[морір де],помирати від чогось
nacer en,[насер ен],народитися десь
obligar a (+ infinitivo),[обліґар а],змусити зробити щось
ofenderse por,[офендерсе пор],ображатися за щось
oír de,[оїр де],чути від когось
oler a,[олер а],пахнути чимось
opinar de,[опінар де],виражати думку про щось
opinar en,[опінар ен],виражати думку про щось
opinar sobre,[опінар собре],виражати думку про щось
oponerse a,[опонерсе а],"перечити чомусь, комусь"
padecer de,[падесер де],страждати від чогось
pagar por,[паґар пор],"платити за когось, за щось"
parecerse a,[паресерсе а],бути схожим на когось
participar en,[партісіпар ен],брати участь у
pasear en,[пасеар ен],"прогулюватись десь, по чомусь"
pasear por,[пасеар пор],"прогулюватись десь, по чомусь"
pensar en,[пенсар ен],"думати про щось, про когось"
ponerse a (+ infinitivo),[понерсе а],почати щось робити
preocuparse con,[преокупарсе кон],хвилюватися через щось
preocuparse por,[преокупарсе пор],хвилюватися через щось
probar a (+ infinitivo),[пробар а],спробувати щось зробити
protestar contra,[протестар контра],заперечувати проти чогось
reducirse en,[редусірсе ен],обмежувати себе в чомусь
reirse de,[реїрсе де],сміятися над кимось / чимось
salvar de,[сальвар де],рятувати від чогось
temblar de,[темблар де],тремтіти від чогось
terminar a (+ infinitivo),[термінар а],закінчувати щось робити
terminar por (+ infinitivo),[термінар пор],закінчити чимось
traducir a,[традусір а],перекладати якоюсь мовою
traducir en,[традусір ен],перекладати якоюсь мовою
traducir de,[традусір де],перекладати з якоїсь мови
tratar a,[тратар а],звертатися до когось
tratar con,[тратар кон],спілкуватися з кимось
tratar de (+ infinitivo),[тратар де],намагатися щось зробити
tratar de,[тратар де],роздумувати над чимось
tratar sobre,[тратар собре],роздумувати над чимось
vencer a,[венсер а],перемогти когось
vencer con,[венсер кон],перемогти за допомогою чогось
vencer por,[венсер пор],перемогти за допомогою чогось
vencer en,[венсер ен],перемогти в чомусь
vender a,[вендер а],продати щось за якусь ціну
vender en,[вендер ен],продати щось за якусь ціну
vender por,[вендер пор],продати щось за якусь ціну
verse con,[версе кон],побачитися з кимось
volver a,[вольвер а],повертатися кудись
volver a (+ infinitivo),[вольвер а],знову робити щось
volver de,[вольвер де],повертатися звідкись
